服务商名称,ID号（10位）,终端号7位,卡号（最新）,VIN号,车牌号,日期,接入平台类型,IP地址,端口,提报类型,接入状态,备注
福建星通物联科技有限公司,1712030162,7C30162,64884971232,LZGJLGV40HG017957,闽D17957,2018-06-05 09:49:24,全国货运平台,http://jt1.gghypt.net,7008,首次提报,已处理,厦门讯俪
福建星通物联科技有限公司,1803160201,83G0201,64758530388,LZGJLGY49JB002226,闽D02226,2018-05-04 14:29:59,全国货运平台,http://jt1.gghypt.net,7008,首次提报,已处理,厦门讯俪
福建星通物联科技有限公司,1803141930,83E1930,64758531081,LZGJLGY40JB002227,闽D02227,2018-05-04 14:28:58,全国货运平台,http://jt1.gghypt.net,7008,首次提报,已处理,厦门讯俪
福建星通物联科技有限公司,1712201119,7CK1119,64884996496,LZGJL4Y40HX161180,闽DE6901,2018-05-03 11:24:55,全国货运平台,http://jt1.gghypt.net,7008,首次提报,接入失败,厦门讯俪
福建星通物联科技有限公司,1803140979,83E0979,64758532372,LZGJL4Z44JX021136,闽A21136,2018-04-23 09:50:59,全国货运平台,http://jt1.gghypt.net,7008,首次提报,已处理,王东升
福建星通物联科技有限公司,1712271220,7CS1220,64758501327,LZGCR2T64JX009333,闽E66931,2018-04-17 11:13:34,全国货运平台,http://jt1.gghypt.net,7008,首次提报,已处理,漳州星通
福建星通物联科技有限公司,1802230092,82N0092,64758527450,LZGCR2T66JX016428,闽DE8137,2018-04-16 16:37:44,全国货运平台,http://jt1.gghypt.net,7008,首次提报,已处理,厦门讯丽
福建星通物联科技有限公司,1711020315,7B20315,64884900169,LZGJL4V41HX140794,闽DE8102,2018-04-16 16:36:59,全国货运平台,http://jt1.gghypt.net,7008,首次提报,已处理,厦门讯丽
福建星通物联科技有限公司,1702150931,72F0931,64610870479,LZGJLGR44HG002999,闽D02999,2018-04-10 09:41:04,全国货运平台,http://jt1.gghypt.net,7008,首次提报,,厦门讯俪
福建星通物联科技有限公司,1710111718,7AB1718,64618189165,LZGCR2N60HX149998,闽H27036,2018-04-09 10:47:59,全国货运平台,http://jt1.gghypt.net,7008,首次提报,,南平郑总
福建星通物联科技有限公司,1607190066,67J0066,18792425561,GX037387,闽D37387,2018-03-29 15:51:49,全国货运平台,http://jt1.gghypt.net,7008,续费车辆,,
福建星通物联科技有限公司,1610080264,6A80264,64883101901,GX049510,闽D49510,2018-03-29 15:51:39,全国货运平台,http://jt1.gghypt.net,7008,续费车辆,,
福建星通物联科技有限公司,1607110124,67B0124,14791098978,GX034349,闽DD0283,2018-03-29 15:51:28,全国货运平台,http://jt1.gghypt.net,7008,续费车辆,,
福建星通物联科技有限公司,1607120359,67C0359,18792664283,GX037390,闽D37390,2018-03-29 15:51:17,全国货运平台,http://jt1.gghypt.net,7008,续费车辆,,
福建星通物联科技有限公司,1610090866,6A90866,64883104105,GX049512,闽D49512,2018-03-29 15:51:08,全国货运平台,http://jt1.gghypt.net,7008,续费车辆,,
福建星通物联科技有限公司,1712020250,7C20250,64884970338,LZGCR2T65JX009406,闽DE7725,2018-03-29 11:56:44,全国货运平台,http://jt1.gghypt.net,7008,首次提报,,厦门讯俪
福建星通物联科技有限公司,1611020717,6B20717,64883147394,GX055496,闽D55496,2018-03-29 11:17:47,全国货运平台,http://jt1.gghypt.net,7008,续费车辆,,
福建星通物联科技有限公司,1610080837,6A80837,64883102107,GX049511,闽D49511,2018-03-29 11:17:38,全国货运平台,http://jt1.gghypt.net,7008,续费车辆,,
福建星通物联科技有限公司,1610090822,6A90822,64883103903,GX049509,闽D49509,2018-03-29 11:17:29,全国货运平台,http://jt1.gghypt.net,7008,续费车辆,,
福建星通物联科技有限公司,1611030689,6B30689,64883156416,LZGJLNT45GX058302,闽D58302,2018-03-29 11:16:04,全国货运平台,http://jt1.gghypt.net,7008,续费车辆,,
福建星通物联科技有限公司,1612130322,6CD0322,64883403950,LZGJL4Y47GX069630,闽069630,2018-03-29 09:18:14,全国货运平台,http://jt1.gghypt.net,7008,续费车辆,,
福建星通物联科技有限公司,1606271000,66R1000,14791126965,GX037391,闽D37391,2018-03-29 09:17:47,全国货运平台,http://jt1.gghypt.net,7008,续费车辆,,
福建星通物联科技有限公司,1607120034,67C0034,18740493611,GX037389,闽D37389,2018-03-29 09:17:39,全国货运平台,http://jt1.gghypt.net,7008,续费车辆,,
福建星通物联科技有限公司,1607190163,67J0163,18710431605,GX037388,闽D37388,2018-03-29 09:17:31,全国货运平台,http://jt1.gghypt.net,7008,续费车辆,,
福建星通物联科技有限公司,1606270912,66S0912,14729170312,GX037226,闽D37226,2018-03-29 09:17:21,全国货运平台,http://jt1.gghypt.net,7008,续费车辆,,
福建星通物联科技有限公司,1611070562,6B70562,64883144768,LZGJDNT13GX059810,闽D59810,2018-03-29 09:17:10,全国货运平台,http://jt1.gghypt.net,7008,续费车辆,,
福建星通物联科技有限公司,1612211324,6CL1324,64883380056,LZGJLGR48HX011656,闽D11656,2018-03-29 09:16:59,全国货运平台,http://jt1.gghypt.net,7008,续费车辆,,
福建星通物联科技有限公司,1612200831,6CK0831,64883341279,LZGJLNV41HX007751,闽DD6608,2018-03-29 09:16:47,全国货运平台,http://jt1.gghypt.net,7008,续费车辆,,
福建星通物联科技有限公司,1712202465,7CK2465,64884989476,LZGJL4Z41JX003001,闽D03001,2018-03-26 11:53:05,全国货运平台,http://jt1.gghypt.net,7008,首次提报,,厦门讯俪
福建星通物联科技有限公司,1712080506,7C80506,64884975038,LZGJL4Z45HX159424,闽D59424,2018-03-26 11:49:08,全国货运平台,http://jt1.gghypt.net,7008,首次提报,,厦门讯俪
福建星通物联科技有限公司,1712054229,7C54229,64884960036,LZGCR2T63JX009405,闽DE3199,2018-03-22 11:42:41,全国货运平台,http://jt1.gghypt.net,7008,首次提报,已处理,厦门讯俪
福建星通物联科技有限公司,1604250494,64Q0494,64613215518,LZGCR2T60GX023478,闽AP1170,2018-03-19 14:34:56,全国货运平台,http://jt1.gghypt.net,7008,首次提报,,王东升
福建星通物联科技有限公司,1604250454,64Q0454,64613215519,LZGCR2165GX023475,闽AP1050,2018-03-19 14:25:49,全国货运平台,http://jt1.gghypt.net,7008,首次提报,,王东升
福建星通物联科技有限公司,1709061117,7961117,64884809236,LZGJLGW49JB000074,闽D00074,2018-03-19 09:47:19,全国货运平台,http://jt1.gghypt.net,7008,首次提报,,厦门讯俪
福建星通物联科技有限公司,1712201244,7CK1244,64884934397,LZGJL4Z4XHX159421,闽D59421,2018-03-19 09:46:34,全国货运平台,http://jt1.gghypt.net,7008,首次提报,,厦门讯俪
福建星通物联科技有限公司,1712231474,7CN1474,64884990280,LZGJL4Z41HX159422,闽D59422,2018-03-19 09:45:14,全国货运平台,http://jt1.gghypt.net,7008,首次提报,,厦门讯俪
福建星通物联科技有限公司,1712022662,7C22662,64884975431,LZGJL4Z4XJX003000,闽D03000,2018-03-12 17:25:43,全国货运平台,http://jt1.gghypt.net,7008,首次提报,,厦门讯俪
福建星通物联科技有限公司,1712220183,7CM0183,64884933394,LZGJL4Z42HX157145,闽DE5725,2018-03-12 10:47:48,全国货运平台,http://jt1.gghypt.net,7008,首次提报,,厦门讯俪
福建星通物联科技有限公司,1604061282,6461282,14792067387,LZGCL2T47GX002708,闽E52190,2018-03-08 17:10:39,全国货运平台,http://jt1.gghypt.net,7008,续费车辆,,
福建星通物联科技有限公司,1710130605,7AD0605,64618184942,LZGJLGV46HX135950,闽E68108,2018-03-08 14:57:29,全国货运平台,http://jt1.gghypt.net,7008,首次提报,,漳州星通
福建星通物联科技有限公司,1611101198,6BA1198,64883146099,LZGJLGT45HX000008,闽D00008,2018-03-07 16:52:40,全国货运平台,http://jt1.gghypt.net,7008,续费车辆,,
福建星通物联科技有限公司,1611110289,6BB0289,64883145895,LZGJLGT47HX000009,闽D00009,2018-03-07 16:52:31,全国货运平台,http://jt1.gghypt.net,7008,续费车辆,,
福建星通物联科技有限公司,1611110152,6BB0152,64883146193,LZGJLGT43HX000007,闽D00007,2018-03-07 16:52:24,全国货运平台,http://jt1.gghypt.net,7008,续费车辆,,
福建星通物联科技有限公司,1611110675,6BB0675,64883149364,LZGJLGT43HX000010,闽D00010,2018-03-07 16:52:17,全国货运平台,http://jt1.gghypt.net,7008,续费车辆,,
福建星通物联科技有限公司,1611110376,6BB0376,64883146290,LZGJLGT41HX000006,闽D00006,2018-03-07 16:51:49,全国货运平台,http://jt1.gghypt.net,7008,续费车辆,,
福建星通物联科技有限公司,1612270446,6CS0446,64883376648,LZGJLGT4XHX004037,闽D04037,2018-03-07 16:51:39,全国货运平台,http://jt1.gghypt.net,7008,续费车辆,,
福建星通物联科技有限公司,1612090775,6C90775,64883402759,LZGJL4V47GX071799,闽D71799,2018-03-07 16:50:07,全国货运平台,http://jt1.gghypt.net,7008,续费车辆,,
福建星通物联科技有限公司,1612161910,6CG1910,64883340856,LZGJDGR19HX001897,闽D01897,2018-03-07 16:49:50,全国货运平台,http://jt1.gghypt.net,7008,续费车辆,,
福建星通物联科技有限公司,1612161855,6CG1855,64883348966,LZGJDGR12HX001900,闽D01900,2018-03-07 16:49:40,全国货运平台,http://jt1.gghypt.net,7008,续费车辆,,
福建星通物联科技有限公司,1612190832,6CJ0832,64883344256,LZGJDGR10HX001898,闽D01898,2018-03-07 16:49:30,全国货运平台,http://jt1.gghypt.net,7008,续费车辆,,
福建星通物联科技有限公司,1612232189,6CN2189,64883375851,LZGJDGR17HX001901,闽D01901,2018-03-07 16:49:20,全国货运平台,http://jt1.gghypt.net,7008,续费车辆,,
福建星通物联科技有限公司,1612210852,6CL0852,64883375151,LZGJDGR12HX001899,闽D01899,2018-03-07 16:48:56,全国货运平台,http://jt1.gghypt.net,7008,续费车辆,,
福建星通物联科技有限公司,1712231735,7CN1735,64884937393,LZGJL4Z43HX159423,闽D59423,2018-03-06 10:42:27,全国货运平台,http://jt1.gghypt.net,7008,首次提报,,厦门讯俪
福建星通物联科技有限公司,1712111138,7CB1138,64884977881,LZGJDGR11HX154306,闽DE7805,2018-03-06 10:13:43,全国货运平台,http://jt1.gghypt.net,7008,首次提报,,厦门讯俪LZGJDGR11HX154306
福建星通物联科技有限公司,1709260154,79R0154,64884825110,LZGJL4V44HX131328,闽D31328,2018-02-27 15:14:54,全国货运平台,http://jt1.gghypt.net,7008,首次提报,,
福建星通物联科技有限公司,1710130540,7AD0540,64618184611,LZGJLGV45HX135924,闽D35924,2018-02-27 14:52:28,全国货运平台,http://jt1.gghypt.net,7008,首次提报,,刘达
福建星通物联科技有限公司,1711150552,7BF0552,64884901513,LZGJL4V47HG015900,闽D15900,2018-02-02 11:45:42,全国货运平台,http://jt1.gghypt.net,7008,首次提报,,厦门刘达
福建星通物联科技有限公司,1712231737,7CN1737,64884933397,LZGJL4244HX157146,闽D57146,2018-01-26 10:14:23,全国货运平台,http://jt1.gghypt.net,7008,首次提报,,刘达
福建星通物联科技有限公司,1712231705,7CN1705,64884933699,LZGJL4Y49HX157144,闽D57144,2018-01-26 10:13:51,全国货运平台,http://jt1.gghypt.net,7008,首次提报,,刘达
福建星通物联科技有限公司,1712160144,7CG0144,64884974589,LZGJL4Z46HX152868,闽D52868,2018-01-22 11:20:18,全国货运平台,http://jt1.gghypt.net,7008,首次提报,,刘
福建星通物联科技有限公司,1710130321,7AD0321,64618184992,LZGJLGV47HX135925,闽D35925,2018-01-10 13:35:12,全国货运平台,http://jt1.gghypt.net,7008,首次提报,,刘
福建星通物联科技有限公司,1710240148,7AP0148,64618191938,LZGJL4V44HX134679,闽D34679,2018-01-10 13:34:35,全国货运平台,http://jt1.gghypt.net,7008,首次提报,,刘
福建星通物联科技有限公司,1709281230,79T1230,64884828014,LZGJLGT45HX134789,闽DE5218,2018-01-05 10:56:23,全国货运平台,http://jt1.gghypt.net,7008,首次提报,,刘
福建星通物联科技有限公司,1710270636,7AS0636,64618192778,LZGJL4Y48HX138097,闽E80978,2018-01-02 23:32:39,全国货运平台,http://jt1.gghypt.net,7008,首次提报,,薛贵财
福建星通物联科技有限公司,1710060657,7A60657,64618187987,LZGCR2T68HX127640,闽E27640,2017-12-26 09:30:59,全国货运平台,http://jt1.gghypt.net,7008,首次提报,,薛
福建星通物联科技有限公司,1709090833,7990833,64618213327,LZGCL2T41HX118925,闽E08925,2017-12-26 09:30:10,全国货运平台,http://jt1.gghypt.net,7008,首次提报,,薛
福建星通物联科技有限公司,1711150269,7BF0269,64884909581,LZGJL4Y46HX143427,闽D43427,2017-12-22 15:06:24,全国货运平台,http://jt1.gghypt.net,7008,首次提报,,刘
福建星通物联科技有限公司,1711140385,7BE0385,64884905412,LZGJL4Y49HX143311,闽D43311,2017-12-18 17:22:53,全国货运平台,http://jt1.gghypt.net,7008,首次提报,,刘
福建星通物联科技有限公司,1711100446,7BA0446,64884907876,LZGJL4Y47HX143310,闽D43310,2017-12-18 17:22:29,全国货运平台,http://jt1.gghypt.net,7008,首次提报,,刘
福建星通物联科技有限公司,1709190358,79J0358,64618209383,LZGCD2J14HX128757,闽E28358,2017-12-18 15:50:45,全国货运平台,http://jt1.gghypt.net,7008,首次提报,,薛
福建星通物联科技有限公司,1711100617,7BA0617,64884901280,LZGJL4Y47HX143291,闽D43291,2017-12-13 11:27:03,全国货运平台,http://jt1.gghypt.net,7008,首次提报,,刘
福建星通物联科技有限公司,1708060151,7860151,64618172095,LZGCL2T44HX092020,闽E67205,2017-12-12 14:56:15,全国货运平台,http://jt1.gghypt.net,7008,首次提报,,薛
福建星通物联科技有限公司,1705310424,75W0424,64618200308,LZGJL4Y45HX064847,闽E66215,2017-12-07 14:27:24,全国货运平台,http://jt1.gghypt.net,7008,首次提报,,薛
福建星通物联科技有限公司,1705310695,75W0695,64618200479,LZGJL4Y43HX064846,闽E56731,2017-12-07 14:24:51,全国货运平台,http://jt1.gghypt.net,7008,首次提报,,薛
福建星通物联科技有限公司,1705280644,75T0644,64618203320,LZGJL4Y4XHX064732,闽E55625,2017-12-07 14:24:10,全国货运平台,http://jt1.gghypt.net,7008,首次提报,,薛
福建星通物联科技有限公司,1705280820,75T0820,64618203423,LZGJL4Y41HX064733,闽E15631,2017-12-07 14:23:37,全国货运平台,http://jt1.gghypt.net,7008,首次提报,,薛
福建星通物联科技有限公司,1708161038,78G1038,64618217790,LZGCL2T40HX112968,闽E24038,2017-11-29 14:13:41,全国货运平台,http://jt1.gghypt.net,7008,首次提报,,薛
福建星通物联科技有限公司,1710082006,7A82006,64618188986,LZGJL4Y45HX128336,闽E28336,2017-11-27 10:35:53,全国货运平台,http://jt1.gghypt.net,7008,首次提报,,薛
福建星通物联科技有限公司,1709281646,79T1646,64884848101,LZGJL4Y42HX126656,闽E26656,2017-11-27 10:34:29,全国货运平台,http://jt1.gghypt.net,7008,首次提报,,薛
福建星通物联科技有限公司,1709141238,79E1238,64618213819,LZGJL4V49HX131325,闽E66726,2017-11-23 09:41:33,全国货运平台,http://jt1.gghypt.net,7008,首次提报,,薛
福建星通物联科技有限公司,1709141292,79E1292,64618213968,LZGJL4V43HX131322,闽E67285,2017-11-23 09:40:59,全国货运平台,http://jt1.gghypt.net,7008,首次提报,,薛
福建星通物联科技有限公司,1709230888,79N0888,64884842201,LZGJL4V42HX131330,闽E66789,2017-11-20 09:47:46,全国货运平台,http://jt1.gghypt.net,7008,首次提报,,薛
福建星通物联科技有限公司,1706220646,76M0646,64884210668,LZGCR2R69HX073563,闽E67820,2017-11-20 09:22:25,全国货运平台,http://jt1.gghypt.net,7008,首次提报,,薛
福建星通物联科技有限公司,1709141232,79E1232,64618213847,LZGJL4V47HX131324,闽E67875,2017-11-16 17:17:41,全国货运平台,http://jt1.gghypt.net,7008,首次提报,,薛
福建星通物联科技有限公司,1709230536,79N0536,64884843003,LZGJL4V46HX131329,闽E67565,2017-11-16 17:17:09,全国货运平台,http://jt1.gghypt.net,7008,首次提报,,薛
福建星通物联科技有限公司,1709141295,79E1295,64618213893,LZGJL4V45HX131323,闽E66509,2017-11-16 17:16:45,全国货运平台,http://jt1.gghypt.net,7008,首次提报,,薛
福建星通物联科技有限公司,1708060204,7860204,64618172089,HG012183,闽EX1115,2017-11-15 15:14:27,全国货运平台,http://jt1.gghypt.net,7008,首次提报,,薛
福建星通物联科技有限公司,1710061243,7A61243,64618187930,LZGJL4Y44HX127243,闽EX1113,2017-11-13 12:17:46,全国货运平台,http://jt1.gghypt.net,7008,首次提报,,薛
福建星通物联科技有限公司,1709060959,7960959,64884800647,LZGCD2G18HX119499,闽E19499,2017-11-09 22:14:28,全国货运平台,http://jt1.gghypt.net,7008,首次提报,,薛
福建星通物联科技有限公司,1708060162,7860162,64618172241,LZGCL2E46HX092029,闽E67576,2017-11-06 09:51:56,全国货运平台,http://jt1.gghypt.net,7008,首次提报,,薛
福建星通物联科技有限公司,1707030218,7730218,64884204889,LZGCR2T63HX087547,闽EX1103,2017-11-03 09:06:04,全国货运平台,http://jt1.gghypt.net,7008,首次提报,,薛
福建星通物联科技有限公司,1709140295,79E0295,64618213609,LZGJL4Y4XHX120698,闽AP5635,2017-10-25 16:06:43,全国货运平台,http://jt1.gghypt.net,7008,首次提报,,
福建星通物联科技有限公司,1704102463,74A2463,64851410164,LZGCL2T45HX056543,闽E67226,2017-10-24 17:34:49,全国货运平台,http://jt1.gghypt.net,7008,首次提报,,薛
福建星通物联科技有限公司,1706031403,7631403,64618200899,LZGJL4Y4XHX063306,闽E66161,2017-10-24 17:33:43,全国货运平台,http://jt1.gghypt.net,7008,首次提报,,薛
福建星通物联科技有限公司,1707110589,77B0589,64884219247,LZGJL4V46HX082696,闽E67686,2017-10-24 16:36:42,全国货运平台,http://jt1.gghypt.net,7008,首次提报,,薛
福建星通物联科技有限公司,1701161128,71G1128,64883374978,LZGJL4Y42HX014102,闽E57796,2017-10-24 11:57:59,全国货运平台,http://jt1.gghypt.net,7008,首次提报,,
福建星通物联科技有限公司,1706240100,76P0100,64884219666,LZGCR2T60HX075694,闽E67006,2017-10-24 11:30:48,全国货运平台,http://jt1.gghypt.net,7008,首次提报,,薛
福建星通物联科技有限公司,1708100400,78A0400,64884831901,LZGJL4V43HX093090,闽E67552,2017-10-19 15:09:49,全国货运平台,http://jt1.gghypt.net,7008,首次提报,,薛
福建星通物联科技有限公司,1708090856,7890856,64884833802,LZGJL4V47HX093089,闽E67298,2017-10-19 15:09:24,全国货运平台,http://jt1.gghypt.net,7008,首次提报,,薛
福建星通物联科技有限公司,1707180779,77I0779,64884214081,LZGJL4V43HX089279,闽E66820,2017-10-18 15:42:05,全国货运平台,http://jt1.gghypt.net,7008,首次提报,,李
福建星通物联科技有限公司,1706240450,76P0450,64884218264,LZGCR2T6XHX075704,闽E67306,2017-10-16 14:14:17,全国货运平台,http://jt1.gghypt.net,7008,首次提报,,薛
福建星通物联科技有限公司,1706161371,76G1371,64884206814,LZGCL2R41HX079342,闽E79342,2017-10-12 11:30:08,全国货运平台,http://jt1.gghypt.net,7008,首次提报,,薛
福建星通物联科技有限公司,1708231069,78N1069,64884823806,LZGJL4843HX114189,闽E14189,2017-09-30 12:16:52,全国货运平台,http://jt1.gghypt.net,7008,首次提报,,薛
福建星通物联科技有限公司,1707110957,77B0957,64884209742,LZGJL4V49HX082692,闽E66812,2017-09-28 15:29:53,全国货运平台,http://jt1.gghypt.net,7008,首次提报,,
福建星通物联科技有限公司,1706220769,76M0769,64884210464,LZGCR2R67HX073562,闽E67956,2017-09-28 15:29:29,全国货运平台,http://jt1.gghypt.net,7008,首次提报,,
福建星通物联科技有限公司,1708220505,78M0505,64884808282,LZGJL4848HX098300,闽E98300,2017-09-27 11:35:06,全国货运平台,http://jt1.gghypt.net,7008,首次提报,,薛
福建星通物联科技有限公司,1706221069,76M1069,64884212365,LZGJL4843HX073241,闽E73241,2017-09-27 11:34:25,全国货运平台,http://jt1.gghypt.net,7008,首次提报,,薛
福建星通物联科技有限公司,1708030028,7830028,64618171798,LZGJLGV47HG011461,闽E67108,2017-09-25 17:23:09,全国货运平台,http://jt1.gghypt.net,7008,首次提报,,薛
福建星通物联科技有限公司,1708040860,7840860,64618214424,LZGJLGV45HG011460,闽E66601,2017-09-25 16:30:18,全国货运平台,http://jt1.gghypt.net,7008,首次提报,,薛
福建星通物联科技有限公司,1707180653,77I0653,64884204799,LZGJL4V4XHX089280,闽E66259,2017-09-22 14:44:28,全国货运平台,http://jt1.gghypt.net,7008,首次提报,,xue
福建星通物联科技有限公司,1708180306,78I0306,64618218666,LZGJL4Y44HX096446,闽E96446,2017-09-21 17:27:43,全国货运平台,http://jt1.gghypt.net,7008,首次提报,,
福建星通物联科技有限公司,1704102167,74A2167,64851410168,LZGCL2T46HX056535,闽E67518,2017-09-21 17:12:55,全国货运平台,http://jt1.gghypt.net,7008,首次提报,,
福建星通物联科技有限公司,1704101742,74A1742,64851410162,LZGCL2T4XHX056537,闽E67959,2017-09-21 17:12:24,全国货运平台,http://jt1.gghypt.net,7008,首次提报,,
福建星通物联科技有限公司,1708100216,78A0216,64884834804,LZGJL4849HX090383,闽E90383,2017-09-15 16:34:30,全国货运平台,http://jt1.gghypt.net,7008,首次提报,,xue
福建星通物联科技有限公司,1707281167,77T1167,64884804487,LZGJL4Y42HX088748,闽E88748,2017-09-12 14:17:15,全国货运平台,http://jt1.gghypt.net,7008,首次提报,,xue
福建星通物联科技有限公司,1707030011,7730011,64884204983,LZGJL4Y44HX088749,闽E88749,2017-09-12 14:15:53,全国货运平台,http://jt1.gghypt.net,7008,首次提报,,xue
福建星通物联科技有限公司,1705041219,7541219,64883135531,LZGJL4V48HX055256,闽D55256,2017-09-12 14:01:55,全国货运平台,http://jt1.gghypt.net,7008,首次提报,,厦门刘达
福建星通物联科技有限公司,1707319115,77W9115,64884803478,LZGCL2R46HX090806,闽E90806,2017-09-12 13:56:45,全国货运平台,http://jt1.gghypt.net,7008,首次提报,,xue
福建星通物联科技有限公司,1707281288,77T1288,64884805543,LZGCL2T68HX085826,闽E85826,2017-09-12 13:51:29,全国货运平台,http://jt1.gghypt.net,7008,首次提报,,xue
福建星通物联科技有限公司,1708100214,78A0214,64884806294,LZGCL2R42HX090805,闽E90805,2017-09-12 13:50:32,全国货运平台,http://jt1.gghypt.net,7008,首次提报,,xue
福建星通物联科技有限公司,1708100068,78A0068,64884806295,LZGCL2R42HX090804,闽E90804,2017-09-12 13:49:37,全国货运平台,http://jt1.gghypt.net,7008,首次提报,,xue
福建星通物联科技有限公司,1708071116,7871116,64884808892,LZGJL4Z46HX090274,闽D90274,2017-09-11 11:28:17,全国货运平台,http://jt1.gghypt.net,7008,首次提报,,厦门刘达
福建星通物联科技有限公司,1705110524,75B0524,64618198312,LZGJLN841HG006756,闽E06756,2017-09-08 18:44:51,全国货运平台,http://jt1.gghypt.net,7008,首次提报,,xue
福建星通物联科技有限公司,1706270670,76S0670,64884202182,LZGJL4Y40HX076775,闽E76775,2017-09-08 12:13:49,全国货运平台,http://jt1.gghypt.net,7008,首次提报,,xue
福建星通物联科技有限公司,1705110502,75B0502,64618198305,LZGJLN84XHG006755,闽E06755,2017-09-08 09:57:49,全国货运平台,http://jt1.gghypt.net,7008,首次提报,,xue
福建星通物联科技有限公司,1706100813,76A0813,64884204037,LZGJL4V41HX067619,闽E59586,2017-09-05 11:46:20,全国货运平台,http://jt1.gghypt.net,7008,首次提报,,
福建星通物联科技有限公司,1704170687,74H0687,64851403781,LZGCL2M90HX045931,闽E45931,2017-09-05 11:30:47,全国货运平台,http://jt1.gghypt.net,7008,首次提报,,
福建星通物联科技有限公司,1706100060,76A0060,64884212721,LZGJL4V44HX067954,闽E67969,2017-09-04 20:24:46,全国货运平台,http://jt1.gghypt.net,7008,首次提报,,
福建星通物联科技有限公司,1511280169,5BT0169,14791085182,LZGJLG847HG010824,冀C10824,2017-09-01 14:02:17,全国货运平台,http://jt1.gghypt.net,7008,首次提报,,
福建星通物联科技有限公司,1511250442,5BQ0442,14791120541,LZGJLG842HG010830,冀C10830,2017-09-01 14:00:56,全国货运平台,http://jt1.gghypt.net,7008,首次提报,,
福建星通物联科技有限公司,1511280080,5BT0080,14792006540,LZGJLG841HG010821,冀C10821,2017-09-01 09:49:40,全国货运平台,http://jt1.gghypt.net,7008,首次提报,,
福建星通物联科技有限公司,1707180711,77I0711,64884204291,LZGJL4842HX088331,冀C88331,2017-09-01 08:39:33,全国货运平台,http://jt1.gghypt.net,7008,首次提报,,
福建星通物联科技有限公司,1706140781,76E0781,64884217308,LZGJLG84XHX086604,冀C86604,2017-09-01 08:37:49,全国货运平台,http://jt1.gghypt.net,7008,首次提报,,
福建星通物联科技有限公司,1706140742,76E0742,64884212309,LZGJLG846HG008904,冀B1126H,2017-08-31 10:51:22,全国货运平台,http://jt1.gghypt.net,7008,首次提报,,
福建星通物联科技有限公司,1705310624,75W0624,64618200423,LZGJLG848HG008905,冀B1189H,2017-08-31 10:50:46,全国货运平台,http://jt1.gghypt.net,7008,首次提报,,
福建星通物联科技有限公司,1704101741,74A1741,64851410077,LZGCL2T48HX056536,闽E66659,2017-08-29 09:15:08,全国货运平台,http://jt1.gghypt.net,7008,首次提报,,
福建星通物联科技有限公司,1707180701,77I0701,64884204294,LZGJL4840HX088330,闽E88330,2017-08-29 08:45:25,全国货运平台,http://jt1.gghypt.net,7008,首次提报,,
福建星通物联科技有限公司,1707180645,77I0645,64884200341,LZGJL4844HX088332,闽E88332,2017-08-28 17:40:37,全国货运平台,http://jt1.gghypt.net,7008,首次提报,,
福建星通物联科技有限公司,1704101615,74A1615,64851410169,LZGCL2T44HX056534,闽E67889,2017-08-28 16:31:34,全国货运平台,http://jt1.gghypt.net,7008,首次提报,,
福建星通物联科技有限公司,1706140635,76E0635,64884209002,LZGJLG845HG009820,冀C09820,2017-08-28 14:50:26,全国货运平台,http://jt1.gghypt.net,7008,首次提报,,
福建星通物联科技有限公司,1705250698,75Q0698,64851438759,LZGJLG84XHG010672,冀C10672,2017-08-27 10:05:34,全国货运平台,http://jt1.gghypt.net,7008,首次提报,,
福建星通物联科技有限公司,1701031216,7131216,64883373515,LZGCL2J95HB030326,闽E67878,2017-08-25 16:46:36,全国货运平台,http://jt1.gghypt.net,7008,首次提报,,
福建星通物联科技有限公司,1701161208,71G1208,64883374071,LZGJL4Y49HX014100,闽E67866,2017-08-25 16:20:59,全国货运平台,http://jt1.gghypt.net,7008,首次提报,,
福建星通物联科技有限公司,1706040481,7640481,64618199177,LZGJLG844HX086601,冀C86601,2017-08-25 09:08:46,全国货运平台,http://jt1.gghypt.net,7008,首次提报,,
福建星通物联科技有限公司,1706040483,7640483,64618199230,LZGJLG848HX086598,冀C86598,2017-08-25 09:07:34,全国货运平台,http://jt1.gghypt.net,7008,首次提报,,
福建星通物联科技有限公司,1706170848,76H0848,64884204204,LZGJLG84XHX086599,冀C86599,2017-08-25 09:06:11,全国货运平台,http://jt1.gghypt.net,7008,首次提报,,
福建星通物联科技有限公司,1706140694,76E0694,64884217307,LZGJLG843HX086606,冀C86606,2017-08-25 09:04:39,全国货运平台,http://jt1.gghypt.net,7008,首次提报,,
福建星通物联科技有限公司,1706140670,76E0670,64884217402,LGGZGJLG846HX0866,冀CX0866,2017-08-22 18:44:59,全国货运平台,http://jt1.gghypt.net,7008,首次提报,,
福建星通物联科技有限公司,1706140631,76E0631,64884219205,LZGJLG849HG009819,冀C09819,2017-08-22 08:50:28,全国货运平台,http://jt1.gghypt.net,7008,首次提报,,
福建星通物联科技有限公司,1706100686,76A0686,64884206729,LZGJLG842HX086600,冀C86600,2017-08-21 17:51:07,全国货运平台,http://jt1.gghypt.net,7008,首次提报,,
福建星通物联科技有限公司,1706161500,76G1500,64884205612,LZGJLG848HX086603,冀C86603,2017-08-18 19:01:45,全国货运平台,http://jt1.gghypt.net,7008,首次提报,,
福建星通物联科技有限公司,1707030815,7730815,64884203382,LZGJLG843HX086105,晋C64260,2017-08-18 17:22:07,全国货运平台,http://jt1.gghypt.net,7008,首次提报,,
福建星通物联科技有限公司,1706221350,76M1350,64884208577,LZGJLG841HX086104,晋C64290,2017-08-18 17:21:46,全国货运平台,http://jt1.gghypt.net,7008,首次提报,,
福建星通物联科技有限公司,1706220583,76M0583,64884207875,LZGJLG84XHX086103,晋C64519,2017-08-18 17:21:22,全国货运平台,http://jt1.gghypt.net,7008,首次提报,,
福建星通物联科技有限公司,1706161001,76G1001,64884209107,LZGJLG847HG009821,冀C09821,2017-08-17 18:19:12,全国货运平台,http://jt1.gghypt.net,7008,首次提报,,
福建星通物联科技有限公司,1706161299,76G1299,64884207112,LZGJLG847HG009818,冀C09818,2017-08-17 18:15:37,全国货运平台,http://jt1.gghypt.net,7008,首次提报,,
福建星通物联科技有限公司,1706270570,76S0570,64884206487,LZGJLG845HG009817,冀C09817,2017-08-17 18:13:34,全国货运平台,http://jt1.gghypt.net,7008,首次提报,,
福建星通物联科技有限公司,1707110597,77B0597,64884203256,LZGJL4V45HX082706,闽E57850,2017-08-17 11:28:04,全国货运平台,http://jt1.gghypt.net,7008,首次提报,,
福建星通物联科技有限公司,1706100277,76A0277,64884213428,LZGJL4V42HX067953,闽E67953,2017-08-15 10:53:43,全国货运平台,http://jt1.gghypt.net,7008,首次提报,,
福建星通物联科技有限公司,1707060944,7760944,64884204740,LZGJL4Z44HX082660,冀C82660,2017-08-15 08:51:34,全国货运平台,http://jt1.gghypt.net,7008,首次提报,,
福建星通物联科技有限公司,1706101909,76A1909,64884200123,LZGJL4Y42HX068046,皖C83639,2017-08-14 17:26:53,全国货运平台,http://jt1.gghypt.net,7008,首次提报,,
福建星通物联科技有限公司,1706101913,76A1913,64884200023,LZGJL4Y40HX068045,皖C83626,2017-08-14 17:14:31,全国货运平台,http://jt1.gghypt.net,7008,首次提报,,
福建星通物联科技有限公司,1706100417,76A0417,64884204832,LZGJL4Y44HX068047,皖C83633,2017-08-14 17:12:55,全国货运平台,http://jt1.gghypt.net,7008,首次提报,,
福建星通物联科技有限公司,1701111008,71B1008,64883378787,LZGCL2J93HB030339,闽E59528,2017-08-13 15:37:46,全国货运平台,http://jt1.gghypt.net,7008,首次提报,,
福建星通物联科技有限公司,1703280554,73T0554,64610864913,LZGCR2M63HB003769,闽E59589,2017-08-11 16:19:12,全国货运平台,http://jt1.gghypt.net,7008,首次提报,,
福建星通物联科技有限公司,1706101005,76A1005,64884219811,LZGJLGV44HX075036,冀B1313H,2017-08-11 15:12:04,全国货运平台,http://jt1.gghypt.net,7008,首次提报,,xue
福建星通物联科技有限公司,1707030195,7730195,64884202783,LZGJL4843HG009006,豫MH7278,2017-08-10 15:59:09,全国货运平台,http://jt1.gghypt.net,7008,首次提报,,xue
福建星通物联科技有限公司,1706221429,76M1429,64884207974,LZGJL4845HG009007,豫MC3373,2017-08-10 15:58:12,全国货运平台,http://jt1.gghypt.net,7008,首次提报,,xue
福建星通物联科技有限公司,1706031874,7631874,64618199887,LZGJLG846HG008918,蒙L59711,2017-08-10 15:10:24,全国货运平台,http://jt1.gghypt.net,7008,首次提报,,xue
福建星通物联科技有限公司,1706031858,7631858,64618199941,LZGJLG844HG008920,蒙L59677,2017-08-10 15:06:45,全国货运平台,http://jt1.gghypt.net,7008,首次提报,,xue
福建星通物联科技有限公司,1706031871,7631871,64618199823,LZGJLG848HG008919,蒙L59710,2017-08-10 15:02:58,全国货运平台,http://jt1.gghypt.net,7008,首次提报,,xue
福建星通物联科技有限公司,1706200945,76K0945,64884218570,LZGJLGV45HX074977,冀B1312H,2017-08-10 10:10:55,全国货运平台,http://jt1.gghypt.net,7008,首次提报,,xue
福建星通物联科技有限公司,1607110405,67B0405,14791095154,LZGJL4Y42GX035143,蒙E83218,2017-08-10 09:50:05,全国货运平台,http://jt1.gghypt.net,7008,首次提报,,xue
福建星通物联科技有限公司,1707131394,77D1394,64884213353,LZGJLGV42HX079666,冀GB9869,2017-08-09 16:51:10,全国货运平台,http://jt1.gghypt.net,7008,首次提报,,xue
福建星通物联科技有限公司,1701140735,71E0735,64883380379,LZGJLG849HX016477,闽EX6477,2017-08-09 12:04:24,全国货运平台,http://jt1.gghypt.net,7008,首次提报,,
福建星通物联科技有限公司,1706041089,7641089,64618201993,LZGJLGT41HX071982,闽EX1982,2017-08-08 10:20:43,全国货运平台,http://jt1.gghypt.net,7008,首次提报,,
福建星通物联科技有限公司,1702170331,72H0331,64610869331,LZGJLGT44HX028544,冀B3699H,2017-08-07 15:08:27,全国货运平台,http://jt1.gghypt.net,7008,首次提报,,xue
福建星通物联科技有限公司,1704102482,74A2482,64851410165,LZGCL2T40HX056532,闽E58283,2017-08-07 10:24:26,全国货运平台,http://jt1.gghypt.net,7008,首次提报,,厦门讯俪
福建星通物联科技有限公司,1704102461,74A2461,64851410161,LZGCL2T4XHX056540,闽E58363,2017-08-07 10:23:34,全国货运平台,http://jt1.gghypt.net,7008,首次提报,,厦门讯俪
福建星通物联科技有限公司,1706141026,76E1026,64884215803,LZGJLG848HG009018,闽EX9018,2017-08-07 09:49:54,全国货运平台,http://jt1.gghypt.net,7008,首次提报,,
福建星通物联科技有限公司,1706140752,76E0752,64884215706,LZGJLG849HG009013,闽EX9013,2017-08-07 09:49:54,全国货运平台,http://jt1.gghypt.net,7008,首次提报,,
福建星通物联科技有限公司,1706121140,76C1140,64884202816,LZGJLG843HG009010,闽EX9010,2017-08-07 09:49:54,全国货运平台,http://jt1.gghypt.net,7008,首次提报,,
福建星通物联科技有限公司,1706080949,7680949,64884216707,LZGJLG846hg009017,闽EX9017,2017-08-07 09:49:53,全国货运平台,http://jt1.gghypt.net,7008,首次提报,,
福建星通物联科技有限公司,1705251129,75Q1129,64618203071,LZGJLG840HX066538,晋C64272,2017-08-05 09:38:57,全国货运平台,http://jt1.gghypt.net,7008,首次提报,,xue
福建星通物联科技有限公司,1705251856,75Q1856,64851431374,LZGJLG847HX066536,闽EX6536,2017-08-05 09:38:57,全国货运平台,http://jt1.gghypt.net,7008,首次提报,,
福建星通物联科技有限公司,1705251163,75Q1163,64618203140,LZGJLG849HX067770,晋C64649,2017-08-05 09:38:57,全国货运平台,http://jt1.gghypt.net,7008,首次提报,,xue
福建星通物联科技有限公司,1705311118,75W1118,64618200173,LZGJLG848HX067260,晋C64232,2017-08-05 09:38:57,全国货运平台,http://jt1.gghypt.net,7008,首次提报,,xue
福建星通物联科技有限公司,1706170154,76H0154,64884210579,LZGJL4Y47HX079429,闽EX9429,2017-08-04 18:02:20,全国货运平台,http://jt1.gghypt.net,7008,首次提报,,
福建星通物联科技有限公司,1705200891,75K0891,64618200517,LZGJLGV47HX065729,闽EX5729,2017-08-04 12:45:03,全国货运平台,http://jt1.gghypt.net,7008,首次提报,,
福建星通物联科技有限公司,1705201016,75K1016,64618203775,LZGJLGV46HX066242,闽EX6242,2017-08-04 11:47:05,全国货运平台,http://jt1.gghypt.net,7008,首次提报,,
福建星通物联科技有限公司,1705201081,75K1081,64618203774,LZGJLGV47HX066248,闽EX6248,2017-08-04 11:45:57,全国货运平台,http://jt1.gghypt.net,7008,首次提报,,
福建星通物联科技有限公司,1706100767,76A0767,64884216800,LZGJLG840HG009014,闽EX9014,2017-08-03 16:20:51,全国货运平台,http://jt1.gghypt.net,7008,首次提报,,
福建星通物联科技有限公司,1706080782,7680782,64884206635,LZGJL4V47HX067060,闽E59072,2017-08-03 14:40:53,全国货运平台,http://jt1.gghypt.net,7008,首次提报,,
福建星通物联科技有限公司,1706120875,76C0875,64884202917,LZGJLG847HG009009,闽EX9009,2017-08-03 10:08:24,全国货运平台,http://jt1.gghypt.net,7008,首次提报,,
福建星通物联科技有限公司,1705221393,75M1393,64851434967,LZGCR2863HG007480,闽EX7138,2017-08-02 16:14:36,全国货运平台,http://jt1.gghypt.net,7008,首次提报,,
福建星通物联科技有限公司,1706140912,76E0912,64884215708,LZGJLG844HG009016,闽E09016,2017-08-02 11:09:23,全国货运平台,http://jt1.gghypt.net,7008,首次提报,,
福建星通物联科技有限公司,1706031998,7631998,64618199576,LZGCR2R68HX064269,闽AP5009,2017-07-31 14:34:30,全国货运平台,http://jt1.gghypt.net,7008,首次提报,,福州赛格
福建星通物联科技有限公司,1701120879,71C0879,64883385109,LZGJLG842HX016479,闽EX6479,2017-07-31 10:50:42,全国货运平台,http://jt1.gghypt.net,7008,首次提报,,
福建星通物联科技有限公司,1705280388,75T0388,64618202253,LZGJLG847HG008202,闽EX59581,2017-07-28 09:09:50,全国货运平台,http://jt1.gghypt.net,7008,首次提报,,
福建星通物联科技有限公司,1706120552,76C0552,64884203510,LZGJL4844HX071000,闽EX59513,2017-07-28 09:08:20,全国货运平台,http://jt1.gghypt.net,7008,首次提报,,
福建星通物联科技有限公司,1706081247,7681247,64884213825,LZGJL4843HX071280,闽EX59522,2017-07-28 09:07:02,全国货运平台,http://jt1.gghypt.net,7008,首次提报,,
福建星通物联科技有限公司,1706120550,76C0550,64884203512,LZGJL4843HX070999,闽EX59502,2017-07-28 09:05:46,全国货运平台,http://jt1.gghypt.net,7008,首次提报,,
福建星通物联科技有限公司,1705310636,75W0636,64618202462,LZGJLG840HG008199,闽EX59618,2017-07-28 09:04:33,全国货运平台,http://jt1.gghypt.net,7008,首次提报,,
福建星通物联科技有限公司,1705160201,75G0201,64618203786,LZGJLGV4XHX066258,闽EX6663,2017-07-27 09:59:33,全国货运平台,http://jt1.gghypt.net,7008,首次提报,,
福建星通物联科技有限公司,1706081112,7681112,64884208932,LZGJL4848HX065491,闽EX9595,2017-07-27 08:54:46,全国货运平台,http://jt1.gghypt.net,7008,首次提报,,
福建星通物联科技有限公司,1705160215,75G0215,64618203683,LZGJLGV49HX065716,闽EX6333,2017-07-26 15:52:01,全国货运平台,http://jt1.gghypt.net,7008,首次提报,,
福建星通物联科技有限公司,1706080637,7680637,64884208934,LZGJL484XHX065489,闽EX9278,2017-07-26 09:18:40,全国货运平台,http://jt1.gghypt.net,7008,首次提报,,
福建星通物联科技有限公司,1706081153,7681153,64884209539,LZGJL484XHX865492,闽EX9537,2017-07-26 09:17:05,全国货运平台,http://jt1.gghypt.net,7008,首次提报,,
福建星通物联科技有限公司,1706081499,7681499,64884209232,LZGJL4846HX065490,闽EX9539,2017-07-26 09:15:16,全国货运平台,http://jt1.gghypt.net,7008,首次提报,,
福建星通物联科技有限公司,1705281031,75T1031,64851434562,LZGCL2T48HX060828,闽E59279,2017-07-26 08:32:08,全国货运平台,http://jt1.gghypt.net,7008,首次提报,,
福建星通物联科技有限公司,1705160752,75G0752,64618198748,LZGJLG843HX057817,闽EX7971,2017-07-25 09:16:27,全国货运平台,http://jt1.gghypt.net,7008,首次提报,,
福建星通物联科技有限公司,1705281049,75T1049,64851434375,LZGCL2T4XHX060829,闽E58221,2017-07-24 16:12:06,全国货运平台,http://jt1.gghypt.net,7008,首次提报,,
福建星通物联科技有限公司,1706080929,7680929,64884207039,LZGJL4V40HX067059,闽E59152,2017-07-23 20:06:10,全国货运平台,http://jt1.gghypt.net,7008,首次提报,,
福建星通物联科技有限公司,1704102166,74A2166,64851410467,LZGCL2T42HX056533,闽E59115,2017-07-23 20:03:57,全国货运平台,http://jt1.gghypt.net,7008,首次提报,,
福建星通物联科技有限公司,1706120609,76C0609,64884207714,LZGJLG846HX071971,闽EX1971,2017-07-23 19:59:57,全国货运平台,http://jt1.gghypt.net,7008,首次提报,,
福建星通物联科技有限公司,1705190592,75J0592,64618198083,LZGJLG848HX057814,闽EX6667,2017-07-19 09:27:58,全国货运平台,http://jt1.gghypt.net,7008,首次提报,,
福建星通物联科技有限公司,1705222062,75M2062,64618197054,LZGJL4844HX058828,闽EX8828,2017-07-18 12:02:09,全国货运平台,http://jt1.gghypt.net,7008,首次提报,,
福建星通物联科技有限公司,1705221176,75M1176,64851437577,LZGJL4842HX058827,闽EX8827,2017-07-18 10:58:26,全国货运平台,http://jt1.gghypt.net,7008,首次提报,,
福建星通物联科技有限公司,1703031178,7331178,64883178093,LZGCR2V60HX040635,鄂FJU915,2017-07-18 09:59:42,全国货运平台,http://jt1.gghypt.net,7008,首次提报,,
福建星通物联科技有限公司,1704080756,7480756,64610870949,LZGCR2T63HX041992,闽E58762,2017-07-17 11:07:55,全国货运平台,http://jt1.gghypt.net,7008,首次提报,,
福建星通物联科技有限公司,1706120940,76C0940,64884207812,LZGJLG845HG008523,闽EX8523,2017-07-16 10:16:43,全国货运平台,http://jt1.gghypt.net,7008,首次提报,,
福建星通物联科技有限公司,1706120729,76C0729,64884204017,LZGJLG847HG008524,闽EX8524,2017-07-16 10:01:23,全国货运平台,http://jt1.gghypt.net,7008,首次提报,,
福建星通物联科技有限公司,1603030268,6330268,14729446911,LZGJLG84XHX057815,闽EX7815,2017-07-15 09:05:40,全国货运平台,http://jt1.gghypt.net,7008,首次提报,,
福建星通物联科技有限公司,1706100474,76A0474,64884213928,LZGJL4847HX071282,闽EX1282,2017-07-14 09:08:03,全国货运平台,http://jt1.gghypt.net,7008,首次提报,,
福建星通物联科技有限公司,1612232310,6CN2310,64883382140,LZGJLGV42HX040012,闽E59168,2017-07-13 18:11:25,全国货运平台,http://jt1.gghypt.net,7008,首次提报,,
福建星通物联科技有限公司,1705190899,75J0899,64618197939,LZGJLG843HG007791,冀CH7998,2017-07-13 17:57:45,全国货运平台,http://jt1.gghypt.net,7008,首次提报,,
福建星通物联科技有限公司,1706120566,76C0566,64884202910,LZGJL4Y4XHX070904,陕AS5716,2017-07-13 11:46:15,全国货运平台,http://jt1.gghypt.net,7008,首次提报,,
福建星通物联科技有限公司,1705221253,75M1253,64618196785,LZGCR2R66HX058597,闽E58590,2017-07-13 10:39:16,全国货运平台,http://jt1.gghypt.net,7008,首次提报,,
福建星通物联科技有限公司,1705160602,75G0602,64618198171,LZGJLG842HX057811,闽EX7811,2017-07-12 18:34:52,全国货运平台,http://jt1.gghypt.net,7008,首次提报,,
福建星通物联科技有限公司,1706040530,7640530,64618201700,LZGJL4V43HX068660,闽EX2479,2017-07-11 16:06:03,全国货运平台,http://jt1.gghypt.net,7008,首次提报,,
福建星通物联科技有限公司,1706081548,7681548,64884208924,LZGJL4V40HX065828,闽EX2487,2017-07-11 15:43:20,全国货运平台,http://jt1.gghypt.net,7008,首次提报,,
福建星通物联科技有限公司,1706121312,76C1312,64884210415,LZGJLG841HG008518,闽EX8518,2017-07-11 15:17:45,全国货运平台,http://jt1.gghypt.net,7008,首次提报,,
福建星通物联科技有限公司,1704281101,74T1101,64883138136,LZGJLG846HX056368,闽EX6368,2017-07-11 08:45:41,全国货运平台,http://jt1.gghypt.net,7008,首次提报,,
福建星通物联科技有限公司,1703300898,73V0898,64610865187,LZGJLGV48HX053959,闽EX3959,2017-07-10 15:36:14,全国货运平台,http://jt1.gghypt.net,7008,首次提报,,
福建星通物联科技有限公司,1705101467,75A1467,64618196175,LZGJLGV44HX063629,闽EX3629,2017-07-10 15:34:29,全国货运平台,http://jt1.gghypt.net,7008,首次提报,,
福建星通物联科技有限公司,1704280733,74T0733,64883121340,LZGJLN844HG006749,闽EX1340,2017-07-10 12:04:56,全国货运平台,http://jt1.gghypt.net,7008,首次提报,,
福建星通物联科技有限公司,1704280726,74T0726,64883121341,LZGJLN842HG006748,闽EX6748,2017-07-10 11:10:36,全国货运平台,http://jt1.gghypt.net,7008,首次提报,,
福建星通物联科技有限公司,1705160653,75G0653,64618198464,LZGJLN848HG006737,闽EX6737,2017-07-10 10:37:16,全国货运平台,http://jt1.gghypt.net,7008,首次提报,,
福建星通物联科技有限公司,1705041139,7541139,64618198357,LZHJLN84XHG006738,闽EX5932,2017-07-10 10:29:29,全国货运平台,http://jt1.gghypt.net,7008,首次提报,,
福建星通物联科技有限公司,1705190756,75J0756,64618197825,LZGJLG848HX057828,闽EX7825,2017-07-07 14:38:14,全国货运平台,http://jt1.gghypt.net,7008,首次提报,,
福建星通物联科技有限公司,1705280896,75T0896,64618203190,LZGJLG845HG007792,闽EX7792,2017-07-06 16:12:10,全国货运平台,http://jt1.gghypt.net,7008,首次提报,,
福建星通物联科技有限公司,1705190682,75J0682,64618197809,LZGJLG847HG007793,闽EX2689,2017-07-03 20:21:32,全国货运平台,http://jt1.gghypt.net,7008,首次提报,,
福建星通物联科技有限公司,1705280457,75T0457,64618203369,LZGJLG841HG007787,闽EX7787,2017-07-03 16:56:57,全国货运平台,http://jt1.gghypt.net,7008,首次提报,,
福建星通物联科技有限公司,1705190439,75J0439,64618198839,LZGJLG843HG007788,闽EX7788,2017-07-03 16:49:20,全国货运平台,http://jt1.gghypt.net,7008,首次提报,,
福建星通物联科技有限公司,1705280478,75T0478,64648203384,LZGJLG840HG007795,闽EX9298,2017-07-03 16:44:38,全国货运平台,http://jt1.gghypt.net,7008,首次提报,,
福建星通物联科技有限公司,1706080873,7680873,64884208831,LZGJL4Y45HX065898,闽EX3538,2017-07-01 10:01:05,全国货运平台,http://jt1.gghypt.net,7008,首次提报,,
福建星通物联科技有限公司,1705200099,75K0099,64618197202,LZGCR2R68HX058598,闽E58883,2017-06-26 08:47:28,全国货运平台,http://jt1.gghypt.net,7008,首次提报,,
福建星通物联科技有限公司,1704140103,74E0103,64851417778,LZGJL4V40HX045045,闽E58890,2017-06-22 10:45:31,全国货运平台,http://jt1.gghypt.net,7008,首次提报,,
福建星通物联科技有限公司,1510280320,5AT0320,14702962415,LZGJL4Y44GX001110,闽E52013,2017-06-14 10:53:57,全国货运平台,http://jt1.gghypt.net,7008,首次提报,,
福建星通物联科技有限公司,1703142165,73E2165,64883131123,LZGJDGR16HX040026,闽DD8911,2017-06-09 17:09:29,全国货运平台,http://jt1.gghypt.net,7008,首次提报,,
福建星通物联科技有限公司,1511067041,5B67041,18429044115,LZGJL4Y48GX001109,闽E52587,2017-06-09 14:27:17,全国货运平台,http://jt1.gghypt.net,7008,首次提报,,
